IS_SUPERHOST,OCCUPANCY_RATE,LISTED_ADR
No,0.326849,135.707732204
Yes,0.339318,146.851295746
